<?xml version="1.0" encoding="UTF-8"?>
<jcr:root xmlns:sling="http://sling.apache.org/jcr/sling/1.0" xmlns:granite="http://www.adobe.com/jcr/granite/1.0" xmlns:jcr="http://www.jcp.org/jcr/1.0" xmlns:nt="http://www.jcp.org/jcr/nt/1.0"
    jcr:primaryType="nt:unstructured"
    jcr:title="Policy"
    sling:resourceType="cq/gui/components/authoring/dialog"
    helpPath="en/cq/current/wcm/default_components.html#Policy">
    <content
        granite:class="js-Policy-dialog-content"
        jcr:primaryType="nt:unstructured"
        sling:resourceType="granite/ui/components/coral/foundation/fixedcolumns">
        <items jcr:primaryType="nt:unstructured">
            <container
                jcr:primaryType="nt:unstructured"
                sling:resourceType="granite/ui/components/coral/foundation/container">
                <items jcr:primaryType="nt:unstructured">
                    <policy
                        jcr:primaryType="nt:unstructured"
                        sling:resourceType="cq/gui/components/authoring/dialog/policy"
                        designDialogClassicPath="${param.designDialogClassicPath}"
                        policyAbsolutePath="${requestPathInfo.suffix}"
                        policyContentPath="${param.policyContentPath}"
                        policyContentResourceType="${param.policyContentResourceType}"
                        policyDirectoryPath="${param.policyDirectoryPath}"
                        policyMappingPath="${param.policyMappingPath}"
                        policyMappingResourceType="${param.policyMappingResourceType}"
                        policyName="${param.policyName}"
                        policyRelativePath="${param.policyRelativePath}"
                        policyResourceType="${param.resourceType}">
                        <policylist
                            granite:class="cq-Policy-list"
                            jcr:primaryType="nt:unstructured"
                            sling:resourceType="granite/ui/components/coral/foundation/container">
                            <items jcr:primaryType="nt:unstructured">
                                <list
                                    granite:class="js-Policy-dialog-select cq-Policy-dialog-select"
                                    jcr:primaryType="nt:unstructured"
                                    sling:resourceType="granite/ui/components/coral/foundation/form/select"
                                    emptyText="New policy"
                                    fieldLabel="Select policy">
                                    <datasource
                                        jcr:primaryType="nt:unstructured"
                                        sling:resourceType="cq/gui/components/authoring/dialog/policy/policydatasource"
                                        policyAbsolutePath="${requestPathInfo.suffix}"
                                        policyContentPath="${param.policyContentPath}"
                                        policyContentResourceType="${param.policyContentResourceType}"
                                        policyResourceType="${param.resourceType}"/>
                                </list>
                                <actions
                                    granite:class="cq-Policy-list-actions"
                                    jcr:primaryType="nt:unstructured"
                                    sling:resourceType="granite/ui/components/coral/foundation/container">
                                    <items jcr:primaryType="nt:unstructured">
                                        <create
                                            granite:class="js-Policy-create"
                                            jcr:primaryType="nt:unstructured"
                                            sling:resourceType="granite/ui/components/coral/foundation/button"
                                            icon="add"
                                            iconSize="S"
                                            title="Create"
                                            variant="quiet"/>
                                        <duplicate
                                            granite:class="js-Policy-duplicate"
                                            jcr:primaryType="nt:unstructured"
                                            sling:resourceType="granite/ui/components/coral/foundation/button"
                                            icon="duplicate"
                                            iconSize="S"
                                            title="Duplicate"
                                            variant="quiet"/>
                                    </items>
                                </actions>
                            </items>
                        </policylist>
                        <policyDetail
                            jcr:primaryType="nt:unstructured"
                            sling:resourceType="granite/ui/components/coral/foundation/container">
                            <items jcr:primaryType="nt:unstructured">
                                <title
                                    granite:class="js-Policy-detail-title"
                                    jcr:primaryType="nt:unstructured"
                                    sling:resourceType="granite/ui/components/coral/foundation/form/textfield"
                                    emptyText="New policy"
                                    fieldLabel="Policy Title"
                                    name="./jcr:title"
                                    required="{Boolean}true"/>
                                <description
                                    granite:class="js-Policy-detail-description"
                                    jcr:primaryType="nt:unstructured"
                                    sling:resourceType="granite/ui/components/coral/foundation/form/textarea"
                                    emptyText="Add a description"
                                    fieldDescription="This field allows to describe what the policy is made for, or to add some notes about it."
                                    fieldLabel="Policy Description"
                                    name="./jcr:description"/>
                            </items>
                        </policyDetail>
                    </policy>
                    <actions
                        jcr:primaryType="nt:unstructured"
                        sling:resourceType="granite/ui/components/coral/foundation/container">
                        <items jcr:primaryType="nt:unstructured">
                            <openClassic
                                granite:class="js-cq-Policy-openClassicDesign cq-Policy-openClassicDesign"
                                jcr:primaryType="nt:unstructured"
                                sling:resourceType="granite/ui/components/coral/foundation/button"
                                text="Edit Design"/>
                        </items>
                    </actions>
                    <policyLiveUsage
                        granite:class="js-cq-Policy-templates cq-Policy-templates"
                        jcr:primaryType="nt:unstructured"
                        sling:resourceType="granite/ui/components/coral/foundation/container">
                        <items jcr:primaryType="nt:unstructured">
                            <label
                                granite:class="coral-Form-fieldlabel"
                                jcr:primaryType="nt:unstructured"
                                sling:resourceType="granite/ui/components/coral/foundation/text"
                                text="Other templates also using the selected policy"/>
                            <list
                                granite:class="cq-Policy-templates-list js-cq-Policy-templates-list"
                                jcr:primaryType="nt:unstructured"
                                sling:resourceType="cq/gui/components/authoring/dialog/policy/templates/empty"
                                policyAbsolutePath="${requestPathInfo.suffix}"/>
                        </items>
                    </policyLiveUsage>
                </items>
            </container>
        </items>
    </content>
    <clientlibs/>
    <policydatasource/>
    <policy.jsp/>
    <templates
        granite:class="cq-Policy-templates-list js-cq-Policy-templates-list"
        jcr:primaryType="nt:unstructured"
        sling:resourceType="cq/gui/components/authoring/dialog/policy/templates"
        policyAbsolutePath="${requestPathInfo.suffix}"
        maxSize="20"/>
</jcr:root>
