<?xml version="1.0" encoding="UTF-8"?>
<jcr:root xmlns:sling="http://sling.apache.org/jcr/sling/1.0" xmlns:granite="http://www.adobe.com/jcr/granite/1.0" xmlns:jcr="http://www.jcp.org/jcr/1.0" xmlns:nt="http://www.jcp.org/jcr/nt/1.0"
    granite:class="cq-common-publish-references-dialog"
    jcr:primaryType="nt:unstructured"
    jcr:title="Published References"
    sling:resourceType="cq/gui/components/common/admin/managepublication/referencesdialog">
    <items jcr:primaryType="nt:unstructured">
        <form
            granite:id="cq-common-publish-references-form"
            jcr:primaryType="nt:unstructured"
            sling:resourceType="granite/ui/components/coral/foundation/form"
            style="vertical">
            <items jcr:primaryType="nt:unstructured">
                <pathHidden
                    jcr:primaryType="nt:unstructured"
                    sling:resourceType="granite/ui/components/coral/foundation/form/hidden"
                    granite:id="resourcePath"
                    value="${empty requestPathInfo.suffix ? param.item : requestPathInfo.suffix}"/>
                <charset
                    jcr:primaryType="nt:unstructured"
                    sling:resourceType="granite/ui/components/coral/foundation/form/hidden"
                    name="_charset_"
                    value="utf-8"/>
                <references
                    granite:id="cq-common-publish-references-list"
                    jcr:primaryType="nt:unstructured"
                    sling:resourceType="granite/ui/components/coral/foundation/container">
                    <items jcr:primaryType="nt:unstructured">
                        <references
                            jcr:primaryType="nt:unstructured"
                            sling:resourceType="cq/gui/components/common/admin/managepublication/references"/>
                    </items>
                </references>
            </items>
        </form>
    </items>
    <footer jcr:primaryType="nt:unstructured">
        <cancel
            jcr:primaryType="nt:unstructured"
            sling:resourceType="granite/ui/components/coral/foundation/button"
            text="Cancel">
            <parentConfig
                jcr:primaryType="nt:unstructured"
                close="{Boolean}true"/>
        </cancel>
        <add
            granite:rel="cq-common-publish-references-confirm"
            jcr:primaryType="nt:unstructured"
            sling:resourceType="granite/ui/components/coral/foundation/button"
            text="Done"
            variant="primary">
        </add>
    </footer>
</jcr:root>
