<?xml version="1.0" encoding="UTF-8"?>
<jcr:root xmlns:sling="http://sling.apache.org/jcr/sling/1.0" xmlns:granite="http://www.adobe.com/jcr/granite/1.0" xmlns:cq="http://www.day.com/jcr/cq/1.0" xmlns:jcr="http://www.jcp.org/jcr/1.0" xmlns:nt="http://www.jcp.org/jcr/nt/1.0" xmlns:rep="internal"
    jcr:mixinTypes="[rep:AccessControllable]"
    jcr:primaryType="cq:Page">
    <jcr:content
        cq:lastModified="{Date}2009-04-01T12:32:27.488+02:00"
        cq:lastModifiedBy="admin"
        jcr:description="Default scaffolding that is used as fallback if no other can be found for update.&lt;br>This scaffolding can't be used to create new pages and should not be modified."
        jcr:primaryType="cq:PageContent"
        jcr:title="Default Page Scaffolding"
        sling:resourceType="wcm/scaffolding/components/editable/scaffolding">
        <cq:dialog
            jcr:primaryType="nt:unstructured"
            jcr:title="Default Scaffolding"
            sling:resourceType="cq/gui/components/authoring/dialog">
            <content
                jcr:primaryType="nt:unstructured"
                sling:resourceType="granite/ui/components/coral/foundation/container">
                <items jcr:primaryType="nt:unstructured">
                    <tabs
                        granite:class="u-coral-padding"
                        jcr:primaryType="nt:unstructured"
                        sling:resourceType="granite/ui/components/coral/foundation/tabs">
                        <items jcr:primaryType="nt:unstructured">
                            <basic
                                jcr:primaryType="nt:unstructured"
                                jcr:title="Basic"
                                sling:resourceType="granite/ui/components/coral/foundation/container">
                                <items jcr:primaryType="nt:unstructured">
                                    <title
                                        jcr:primaryType="nt:unstructured"
                                        sling:resourceType="/libs/granite/ui/components/coral/foundation/form/textfield"
                                        fieldLabel="Title"
                                        name="./jcr:content/jcr:title"
                                        required="{Boolean}true">
                                        <granite:data
                                            jcr:primaryType="nt:unstructured"
                                            cq-msm-lockable="jcr:title"/>
                                    </title>
                                    <tags
                                        jcr:primaryType="nt:unstructured"
                                        sling:resourceType="granite/ui/components/coral/foundation/form/autocomplete"
                                        fieldLabel="Tags"
                                        multiple="{Boolean}true"
                                        name="./jcr:content/cq:tags">
                                        <datasource
                                            jcr:primaryType="nt:unstructured"
                                            sling:resourceType="cq/gui/components/common/datasources/tags"/>
                                        <values
                                            jcr:primaryType="nt:unstructured"
                                            sling:resourceType="granite/ui/components/coral/foundation/form/autocomplete/tags"/>
                                        <options
                                            jcr:primaryType="nt:unstructured"
                                            sling:resourceType="granite/ui/components/coral/foundation/form/autocomplete/list"/>
                                        <granite:data
                                            jcr:primaryType="nt:unstructured"
                                            cq-msm-lockable="cq:tags"/>
                                    </tags>
                                    <tags-typehint
                                        jcr:primaryType="nt:unstructured"
                                        sling:resourceType="granite/ui/components/coral/foundation/form/hidden"
                                        name="./jcr:content/cq:tags@TypeHint"
                                        value="String[]"/>
                                    <tags-delete
                                        jcr:primaryType="nt:unstructured"
                                        sling:resourceType="granite/ui/components/coral/foundation/form/hidden"
                                        name="./jcr:content/cq:tags@Delete"
                                        value="delete-empty"/>
                                </items>
                            </basic>
                        </items>
                    </tabs>
                </items>
            </content>
        </cq:dialog>
    </jcr:content>
    <resource/>
    <rep:policy/>
</jcr:root>
