<?xml version="1.0" encoding="UTF-8"?>
<jcr:root xmlns:sling="http://sling.apache.org/jcr/sling/1.0" xmlns:granite="http://www.adobe.com/jcr/granite/1.0"
          xmlns:cq="http://www.day.com/jcr/cq/1.0" xmlns:jcr="http://www.jcp.org/jcr/1.0"
          xmlns:nt="http://www.jcp.org/jcr/nt/1.0"
          jcr:primaryType="nt:unstructured"
          jcr:title="AEM Sites | Manage Publication"
          sling:resourceType="granite/ui/components/coral/foundation/page"
          consoleId="cq-sites-pages-managepublication">
        <head jcr:primaryType="nt:unstructured">
            <title
                jcr:primaryType="nt:unstructured"
                sling:resourceType="cq/gui/components/siteadmin/admin/properties/titlehead"
                pathMultiple="${paramValues.item}"
                exclusive="true"
                baseTitle="AEM Sites | Manage Publication"/>
            <viewport
                jcr:primaryType="nt:unstructured"
                sling:resourceType="granite/ui/components/coral/foundation/admin/page/viewport"/>
            <favicon
                jcr:primaryType="nt:unstructured"
                sling:resourceType="granite/ui/components/coral/foundation/page/favicon"/>
            <clientlibs
                jcr:primaryType="nt:unstructured"
                sling:resourceType="granite/ui/components/coral/foundation/includeclientlibs"
                categories="[coralui3,granite.ui.coral.foundation,cq.common.managepublication]"/>
        </head>
        <body
            jcr:primaryType="nt:unstructured"
            sling:resourceType="granite/ui/components/coral/foundation/page/body">
            <items jcr:primaryType="nt:unstructured">
                <form
                    granite:class="cq-sites-managepublication-form"
                    jcr:primaryType="nt:unstructured"
                    sling:resourceType="granite/ui/components/coral/foundation/form"
                    maximized="{Boolean}true"
                    method="post"
                    novalidate="{Boolean}true"
                    style="vertical">
                    <granite:data
                        jcr:primaryType="nt:unstructured"
                        errormessage="Cannot start workflow on selected resources."
                        replicationUrl="/bin/replicate.json"
                        requestActivationWorkflow="/etc/workflow/models/request_for_activation/jcr:content/model"
                        scheduleActivationWorkflow="/etc/workflow/models/scheduled_activation/jcr:content/model"
                        requestDeactivationWorkflow="/etc/workflow/models/request_for_deactivation/jcr:content/model"
                        scheduleDeactivationWorkflow="/etc/workflow/models/scheduled_deactivation/jcr:content/model"
                        workflowUrl="/etc/workflow/instances"
                        referencesUrl="/libs/wcm/core/content/reference.json?_charset_=utf-8{&amp;path*}"/>
                    <items jcr:primaryType="nt:unstructured">
                        <successresponse
                                jcr:primaryType="nt:unstructured"
                                sling:resourceType="cq/gui/components/common/admin/startbulkworkflows/redirectpromptresponse"
                                text="Resource(s) have been {0}."
                                redirect="${empty header.Referer ? granite:concat(&quot;/sites.html&quot;, granite:encodeURIPath(requestPathInfo.suffix)) : header.Referer}"/>
                        <wizard
                            granite:class="cq-sites-managepublication-wizard"
                            jcr:primaryType="nt:unstructured"
                            jcr:title="Manage Publication"
                            sling:resourceType="granite/ui/components/coral/foundation/wizard"
                            cancelHref="${empty header.Referer ? granite:concat(granite:concat(param.editmode == null ? &quot;/sites.html&quot; : &quot;/editor.html&quot;, granite:encodeURIPath(empty param.item ? requestPathInfo.suffix : param.item)), param.editmode == null ? &quot;&quot; : &quot;.html&quot;) : header.Referer}"
                            trackingFeature="aem:sites:pages:publish">
                            <items jcr:primaryType="nt:unstructured">
                                <optionsstep
                                    jcr:primaryType="nt:unstructured"
                                    jcr:title="Options"
                                    sling:resourceType="granite/ui/components/coral/foundation/container">
                                    <items jcr:primaryType="nt:unstructured">
                                        <fixedColumnContainer
                                            jcr:primaryType="nt:unstructured"
                                            sling:resourceType="granite/ui/components/coral/foundation/fixedcolumns"
                                            margin="{Boolean}true">
                                            <items jcr:primaryType="nt:unstructured">
                                                <fixedColumn
                                                    jcr:primaryType="nt:unstructured"
                                                    sling:resourceType="granite/ui/components/coral/foundation/container">
                                                    <items jcr:primaryType="nt:unstructured">
                                                        <action
                                                            jcr:primaryType="nt:unstructured"
                                                            jcr:title="Action"
                                                            sling:resourceType="granite/ui/components/coral/foundation/form/fieldset">
                                                            <items jcr:primaryType="nt:unstructured">
                                                                <replicationtype
                                                                    granite:class="cq-common-replication-type-group"
                                                                    jcr:primaryType="nt:unstructured"
                                                                    sling:resourceType="granite/ui/components/coral/foundation/form/buttongroup"
                                                                    ignoreData="true"
                                                                    name="activationCommand"
                                                                    required="{Boolean}true"
                                                                    selectionMode="single">
                                                                    <items jcr:primaryType="nt:unstructured">
                                                                        <publish
                                                                            jcr:primaryType="nt:unstructured"
                                                                            icon="globe"
                                                                            size="S"
                                                                            text="Publish"
                                                                            value="Activate"/>
                                                                        <unpublish
                                                                            jcr:primaryType="nt:unstructured"
                                                                            icon="globeStrike"
                                                                            size="S"
                                                                            text="Unpublish"
                                                                            value="Deactivate"/>
                                                                    </items>
                                                                </replicationtype>
                                                            </items>
                                                        </action>
                                                        <schedule
                                                            jcr:primaryType="nt:unstructured"
                                                            jcr:title="Scheduling"
                                                            sling:resourceType="granite/ui/components/coral/foundation/form/fieldset">
                                                            <items jcr:primaryType="nt:unstructured">
                                                                <scheduletime
                                                                    granite:class="cq-common-scheduling-time"
                                                                    jcr:primaryType="nt:unstructured"
                                                                    sling:resourceType="granite/ui/components/coral/foundation/form/radiogroup"
                                                                    name="scheduling"
                                                                    required="{Boolean}true"
                                                                    vertical="{Boolean}true">
                                                                    <items jcr:primaryType="nt:unstructured">
                                                                        <now
                                                                            jcr:primaryType="nt:unstructured"
                                                                            jcr:title="Now"
                                                                            checked="{Boolean}true"
                                                                            text="Now"
                                                                            value="now"/>
                                                                        <later
                                                                            jcr:primaryType="nt:unstructured"
                                                                            jcr:title="Later"
                                                                            text="Later"
                                                                            value="later"/>
                                                                    </items>
                                                                </scheduletime>
                                                                <activationDate
                                                                    jcr:primaryType="nt:unstructured"
                                                                    sling:resourceType="granite/ui/components/coral/foundation/form/datepicker"
                                                                    disabled="{Boolean}true"
                                                                    displayedFormat="D MMMM YYYY hh:mm a"
                                                                    displayTimezoneMessage="{Boolean}true"
                                                                    fieldLabel="Activation date"
                                                                    minDate="today"
                                                                    name="activationDate"
                                                                    type="datetime"/>
                                                            </items>
                                                        </schedule>
                                                    </items>
                                                </fixedColumn>
                                            </items>
                                        </fixedColumnContainer>
                                    </items>
                                    <parentConfig jcr:primaryType="nt:unstructured">
                                        <next
                                            granite:class="foundation-wizard-control"
                                            jcr:primaryType="nt:unstructured"
                                            sling:resourceType="granite/ui/components/coral/foundation/button"
                                            disabled="{Boolean}true"
                                            text="Next"
                                            variant="primary">
                                            <granite:data
                                                jcr:primaryType="nt:unstructured"
                                                foundation-wizard-control-action="next"/>
                                        </next>
                                    </parentConfig>
                                </optionsstep>
                                <scope
                                    jcr:primaryType="nt:unstructured"
                                    jcr:title="Scope"
                                    sling:resourceType="granite/ui/components/coral/foundation/container"
                                    maximized="{Boolean}true">
                                    <granite:data
                                        jcr:primaryType="nt:unstructured"
                                        foundation-validation-ui="none"/>
                                    <items jcr:primaryType="nt:unstructured">
                                        <default
                                            jcr:primaryType="nt:unstructured"
                                            sling:resourceType="granite/ui/components/coral/foundation/actionbar">
                                            <primary jcr:primaryType="nt:unstructured">
                                                <add
                                                    granite:class="foundation-collection-action foundation-picker-control"
                                                    jcr:primaryType="nt:unstructured"
                                                    sling:resourceType="granite/ui/components/coral/foundation/button"
                                                    icon="add"
                                                    text="Add Content"
                                                    title="Add Content"
                                                    variant="actionBar">
                                                    <granite:data
                                                        jcr:primaryType="nt:unstructured"
                                                        foundation-collection-action="\{&quot;target&quot;:&quot;.cq-common-admin-sourcepages&quot;,&quot;activeSelectionCount&quot;:&quot;none&quot;,&quot;relScope&quot;:&quot;collection&quot;}"
                                                        foundation-picker-control-action="\{&quot;name&quot;:&quot;cq.commons.addcontent&quot;,&quot;data&quot;:{}}"
                                                        foundation-picker-control-src="/mnt/overlay/granite/ui/content/coral/foundation/form/pathfield/picker.html?root=%2Fcontent&amp;filter=hierarchyNotFile&amp;selectionCount=multiple"/>
                                                </add>
                                                <includechildren
                                                    granite:class="foundation-collection-action foundation-collection-action-includechildren"
                                                    jcr:primaryType="nt:unstructured"
                                                    sling:resourceType="granite/ui/components/coral/foundation/button"
                                                    icon="add"
                                                    text="Include Children"
                                                    variant="actionBar">
                                                    <granite:data
                                                        jcr:primaryType="nt:unstructured"
                                                        foundation-collection-action="\{&quot;target&quot;:&quot;.cq-common-admin-sourcepages&quot;,&quot;activeSelectionCount&quot;:&quot;single&quot;,&quot;action&quot;:&quot;foundation.dialog&quot;,&quot;data&quot;:{&quot;src&quot;:&quot;/mnt/overlay/cq/gui/content/common/startbulkworkflows/includechildrendialog.html{+item}&quot;},&quot;relScope&quot;:&quot;collection&quot;}"/>
                                                </includechildren>
                                                <deleteobject
                                                    granite:class="foundation-collection-action foundation-collection-action-delete"
                                                    jcr:primaryType="nt:unstructured"
                                                    sling:resourceType="granite/ui/components/coral/foundation/button"
                                                    icon="delete"
                                                    text="Remove Selection"
                                                    variant="actionBar">
                                                    <granite:data
                                                        jcr:primaryType="nt:unstructured"
                                                        foundation-collection-action="\{&quot;target&quot;:&quot;.cq-common-admin-sourcepages&quot;,&quot;activeSelectionCount&quot;:&quot;multiple&quot;,&quot;relScope&quot;:&quot;collection&quot;}"/>
                                                </deleteobject>
                                                <references
                                                    granite:class="foundation-collection-action foundation-collection-action-references"
                                                    jcr:primaryType="nt:unstructured"
                                                    sling:resourceType="granite/ui/components/coral/foundation/button"
                                                    icon="unmerge"
                                                    text="Published References"
                                                    variant="actionBar">
                                                    <granite:data
                                                        jcr:primaryType="nt:unstructured"
                                                        foundation-collection-action="\{&quot;target&quot;:&quot;.cq-common-admin-sourcepages&quot;,&quot;activeSelectionCount&quot;:&quot;single&quot;,&quot;activeCondition&quot;:&quot;managepublication.action.hasReferences&quot;,&quot;action&quot;:&quot;foundation.dialog&quot;,&quot;data&quot;:{&quot;src&quot;:&quot;/mnt/overlay/cq/gui/content/common/managepublicationwizard/referencesdialog.html{+item}&quot;},&quot;relScope&quot;:&quot;collection&quot;}"/>
                                                </references>
                                            </primary>
                                            <secondary jcr:primaryType="nt:unstructured">
                                                <collectionstatus
                                                    jcr:primaryType="nt:unstructured"
                                                    sling:resourceType="cq/gui/components/common/admin/startbulkworkflows/collectionstatus"
                                                    targetCollection=".cq-common-admin-sourcepages"/>
                                            </secondary>
                                        </default>
                                        <list
                                            granite:rel="cq-common-admin-sourcepages"
                                            jcr:primaryType="nt:unstructured"
                                            sling:resourceType="granite/ui/components/coral/foundation/table"
                                            layoutId="table"
                                            modeGroup="cq-common-admin-sourcepages"
                                            selectionCount="multiple"
                                            selectionMode="row">
                                            <columns jcr:primaryType="nt:unstructured">
                                                <select
                                                    granite:class="cq-common-admin-sourcepages-select"
                                                    jcr:primaryType="nt:unstructured"
                                                    select="{Boolean}true"/>
                                                <title
                                                    jcr:primaryType="nt:unstructured"
                                                    jcr:title="Title"
                                                    class="header-item-page-title"
                                                    sortable="{Boolean}true"/>
                                                <modified
                                                    jcr:primaryType="nt:unstructured"
                                                    jcr:title="Modified"
                                                    class="header-item-modified"
                                                    sortable="{Boolean}true"
                                                    sortType="date"/>
                                                <published
                                                    jcr:primaryType="nt:unstructured"
                                                    jcr:title="Published"
                                                    class="header-item-published"
                                                    sortable="{Boolean}true"
                                                    sortType="date"/>
                                                <references
                                                    jcr:primaryType="nt:unstructured"
                                                    jcr:title="References"
                                                    name="column-refrences"
                                                    sortable="{Boolean}true"/>/>
                                            </columns>
                                        </list>
                                    </items>
                                    <parentConfig jcr:primaryType="nt:unstructured">
                                        <next
                                            granite:class="foundation-wizard-control"
                                            jcr:primaryType="nt:unstructured"
                                            sling:resourceType="granite/ui/components/coral/foundation/button"
                                            text="Next"
                                            variant="primary">
                                            <granite:data
                                                jcr:primaryType="nt:unstructured"
                                                foundation-wizard-control-action="next"/>
                                        </next>
                                    </parentConfig>
                                </scope>
                                <workflows
                                        jcr:primaryType="nt:unstructured"
                                        jcr:title="Workflows"
                                        granite:rel="cq-common-admin-publication-workflows"
                                        hidden="{Boolean}true"
                                        sling:resourceType="granite/ui/components/coral/foundation/container"
                                        maximized="{Boolean}true">
                                    <granite:data
                                            jcr:primaryType="nt:unstructured"
                                            foundation-validation-ui="none"/>
                                    <items jcr:primaryType="nt:unstructured">
                                        <fixedColumnContainer
                                            jcr:primaryType="nt:unstructured"
                                            sling:resourceType="granite/ui/components/coral/foundation/fixedcolumns"
                                            margin="{Boolean}true">
                                            <items jcr:primaryType="nt:unstructured">
                                                <fixedColumn
                                                    jcr:primaryType="nt:unstructured"
                                                    sling:resourceType="granite/ui/components/coral/foundation/container">
                                                    <items jcr:primaryType="nt:unstructured">
                                                    <description
                                                            jcr:primaryType="nt:unstructured"
                                                            jcr:title=""
                                                            sling:resourceType="granite/ui/components/coral/foundation/form/fieldset">
                                                            <items jcr:primaryType="nt:unstructured">
                                                                <commondescription
                                                                        jcr:primaryType="nt:unstructured"
                                                                        sling:resourceType="granite/ui/components/coral/foundation/form/field"
                                                                        fieldLabel="Some of the published pages must run through specific workflows."/>
                                                            </items>
                                                    </description>
                                                        <direct
                                                                jcr:primaryType="nt:unstructured"
                                                                jcr:title=""
                                                                sling:resourceType="granite/ui/components/coral/foundation/form/fieldset"
                                                                granite:class="direct-publication-info info-section">
                                                                <items jcr:primaryType="nt:unstructured">
                                                                    <directpublication
                                                                            jcr:primaryType="nt:unstructured"
                                                                            sling:resourceType="granite/ui/components/coral/foundation/form/field"
                                                                            fieldLabel="directly published"/>
                                                                </items>
                                                        </direct>
                                                        <request
                                                                jcr:primaryType="nt:unstructured"
                                                                jcr:title=""
                                                                sling:resourceType="granite/ui/components/coral/foundation/form/fieldset"
                                                                granite:class="request-publication-info info-section">
                                                            <items jcr:primaryType="nt:unstructured">
                                                                <requestpublication
                                                                        jcr:primaryType="nt:unstructured"
                                                                        sling:resourceType="granite/ui/components/coral/foundation/form/field"
                                                                        fieldLabel=""/>
                                                                <workflowtitle
                                                                        jcr:primaryType="nt:unstructured"
                                                                        sling:resourceType="granite/ui/components/coral/foundation/form/textfield"
                                                                        ignoreData="{Boolean}true"
                                                                        fieldLabel="Workflow title"
                                                                        name="requestWorkflowTitle"
                                                                        required="{Boolean}true"/>
                                                                <keeppackage
                                                                        granite:rel="cq-sites-startbulkworkflows-keeppackage-request"
                                                                        jcr:primaryType="nt:unstructured"
                                                                        sling:resourceType="granite/ui/components/coral/foundation/form/checkbox"
                                                                        checked="{Boolean}false"
                                                                        fieldDescription="If checked, the workflow package will have a unique name."
                                                                        text="Keep workflow package"
                                                                        value="true"/>
                                                                <packagetitle
                                                                        jcr:primaryType="nt:unstructured"
                                                                        sling:resourceType="granite/ui/components/coral/foundation/form/textfield"
                                                                        disabled="{Boolean}true"
                                                                        fieldLabel="Package title"
                                                                        ignoreData="{Boolean}true"
                                                                        name="requestPackageTitle"
                                                                        required="{Boolean}true"/>
                                                            </items>
                                                        </request>
                                                        <schedule
                                                                jcr:primaryType="nt:unstructured"
                                                                jcr:title=""
                                                                sling:resourceType="granite/ui/components/coral/foundation/form/fieldset"
                                                                granite:class="schedule-publication-info info-section">
                                                            <items jcr:primaryType="nt:unstructured">
                                                                <schedulepublication
                                                                        jcr:primaryType="nt:unstructured"
                                                                        sling:resourceType="granite/ui/components/coral/foundation/form/field"
                                                                        fieldLabel=""/>
                                                                <workflowtitle
                                                                        jcr:primaryType="nt:unstructured"
                                                                        sling:resourceType="granite/ui/components/coral/foundation/form/textfield"
                                                                        ignoreData="{Boolean}true"
                                                                        fieldLabel="Workflow title"
                                                                        name="scheduleWorkflowTitle"
                                                                        required="{Boolean}true"/>
                                                                <keeppackage
                                                                        granite:rel="cq-sites-startbulkworkflows-keeppackage-schedule"
                                                                        jcr:primaryType="nt:unstructured"
                                                                        sling:resourceType="granite/ui/components/coral/foundation/form/checkbox"
                                                                        checked="{Boolean}false"
                                                                        fieldDescription="If checked, the workflow package will have a unique name."
                                                                        text="Keep workflow package"
                                                                        value="true"/>
                                                                <packagetitle
                                                                        jcr:primaryType="nt:unstructured"
                                                                        sling:resourceType="granite/ui/components/coral/foundation/form/textfield"
                                                                        disabled="{Boolean}true"
                                                                        fieldLabel="Package title"
                                                                        ignoreData="{Boolean}true"
                                                                        name="schedulePackageTitle"
                                                                        required="{Boolean}true"/>
                                                            </items>
                                                        </schedule>
                                                    </items>
                                                </fixedColumn>
                                            </items>
                                        </fixedColumnContainer>
                                    </items>
                                    <parentConfig jcr:primaryType="nt:unstructured">
                                        <next
                                                granite:class="foundation-wizard-control"
                                                jcr:primaryType="nt:unstructured"
                                                sling:resourceType="granite/ui/components/coral/foundation/button"
                                                text="Publish"
                                                type="submit"
                                                variant="primary">
                                            <granite:data
                                                    jcr:primaryType="nt:unstructured"
                                                    foundation-wizard-control-action="next"/>
                                        </next>
                                    </parentConfig>
                                </workflows>
                            </items>
                        </wizard>
                    </items>
                </form>
            </items>
        </body>
</jcr:root>
