<?xml version="1.0" encoding="UTF-8"?>
<jcr:root xmlns:sling="http://sling.apache.org/jcr/sling/1.0" xmlns:granite="http://www.adobe.com/jcr/granite/1.0" xmlns:jcr="http://www.jcp.org/jcr/1.0" xmlns:nt="http://www.jcp.org/jcr/nt/1.0"
    jcr:primaryType="sling:Folder"
    jcr:title="ScreensAssetProcessing">
    <jcr:content jcr:primaryType="nt:unstructured"/>
    <items jcr:primaryType="nt:unstructured">
        <tabs
            jcr:primaryType="nt:unstructured"
            sling:resourceType="granite/ui/components/coral/foundation/tabs"
            size="L">
            <items jcr:primaryType="nt:unstructured">
                <tab1
                    granite:rel="aem-assets-metadata-form-tab"
                    jcr:primaryType="nt:unstructured"
                    jcr:title="Screens"
                    sling:resourceType="granite/ui/components/coral/foundation/container"
                    listOrder="0">
                    <granite:data
                        jcr:primaryType="nt:unstructured"
                        tabid="97625ce8-0b1a-4a4e-8bcc-e3109b51de48"/>
                    <items jcr:primaryType="nt:unstructured">
                        <col1
                            granite:rel="aem-assets-metadata-form-column"
                            jcr:primaryType="nt:unstructured"
                            sling:resourceType="granite/ui/components/coral/foundation/container"
                            listOrder="0">
                            <items jcr:primaryType="nt:unstructured">
                                <_x0031_575578398689
                                    jcr:primaryType="nt:unstructured"
                                    sling:resourceType="dam/gui/components/admin/schemafield"
                                    emptyText="/content/screens/we-retail/channels/"
                                    fieldDescription="Add a path to a screens channel to automatically add any uploaded image to the channel."
                                    fieldLabel="Channel to Assign"
                                    name="./jcr:content/metadata/screen-channel"
                                    resourceType="granite/ui/components/coral/foundation/form/textfield">
                                    <granite:data
                                        jcr:primaryType="nt:unstructured"
                                        cq-msm-lockable="./metadata/screen-channel"
                                        metaType="text"
                                        requiredCascading="default"
                                        visibilityCascading="default"/>
                                </_x0031_575578398689>
                            </items>
                        </col1>
                        <col2
                            granite:rel="aem-assets-metadata-form-column"
                            jcr:primaryType="nt:unstructured"
                            sling:resourceType="granite/ui/components/coral/foundation/container"
                            listOrder="1"/>
                        <col3
                            granite:rel="aem-assets-metadata-form-column"
                            jcr:primaryType="nt:unstructured"
                            sling:resourceType="granite/ui/components/coral/foundation/container"
                            listOrder="2"/>
                    </items>
                </tab1>
            </items>
        </tabs>
    </items>
</jcr:root>
