<jcr:root xmlns:sling="http://sling.apache.org/jcr/sling/1.0" xmlns:cq="http://www.day.com/jcr/cq/1.0"
    xmlns:jcr="http://www.jcp.org/jcr/1.0" xmlns:nt="http://www.jcp.org/jcr/nt/1.0"
    jcr:primaryType="nt:unstructured"
    jcr:title="Default Scaffolding"
    sling:resourceType="cq/gui/components/authoring/dialog">
    <content
        jcr:primaryType="nt:unstructured"
        sling:resourceType="granite/ui/components/foundation/container">
        <items jcr:primaryType="nt:unstructured">
            <tabs
                jcr:primaryType="nt:unstructured"
                sling:resourceType="granite/ui/components/foundation/container">
                <layout
                    jcr:primaryType="nt:unstructured"
                    sling:resourceType="granite/ui/components/foundation/layouts/tabs"
                    type="nav"/>
                <items jcr:primaryType="nt:unstructured">
                    <basic
                        jcr:primaryType="nt:unstructured"
                        jcr:title="Basic"
                        sling:resourceType="granite/ui/components/foundation/section">
                        <items jcr:primaryType="nt:unstructured">
                            <title
                                jcr:primaryType="nt:unstructured"
                                sling:resourceType="granite/ui/components/foundation/form/textfield"
                                cq-msm-lockable="jcr:title"
                                fieldLabel="Title *"
                                name="./jcr:content/jcr:title"
                                renderReadOnly="{Boolean}true"
                                required="{Boolean}true"/>
                            <tags
                                jcr:primaryType="nt:unstructured"
                                sling:resourceType="granite/ui/components/foundation/form/autocomplete"
                                cq-msm-lockable="cq:tags"
                                fieldLabel="Tags"
                                mode="contains"
                                multiple="{Boolean}true"
                                name="./jcr:content/cq:tags"
                                renderReadOnly="{Boolean}true">
                                <datasource
                                    jcr:primaryType="nt:unstructured"
                                    sling:resourceType="cq/gui/components/common/datasources/tags"/>
                                <values
                                    jcr:primaryType="nt:unstructured"
                                    sling:resourceType="granite/ui/components/foundation/form/autocomplete/tags"/>
                                <options
                                    jcr:primaryType="nt:unstructured"
                                    sling:resourceType="granite/ui/components/foundation/form/autocomplete/list"/>
                            </tags>
                            <tags-typehint
                                jcr:primaryType="nt:unstructured"
                                sling:resourceType="granite/ui/components/foundation/form/hidden"
                                ignoreData="{Boolean}true"
                                name="./jcr:content/cq:tags@TypeHint"
                                value="String[]"/>
                            <tags-delete
                                jcr:primaryType="nt:unstructured"
                                sling:resourceType="granite/ui/components/foundation/form/hidden"
                                ignoreData="{Boolean}true"
                                name="./jcr:content/cq:tags@Delete"
                                value="delete-empty"/>
                        </items>
                    </basic>
                </items>
            </tabs>
        </items>
    </content>
</jcr:root>