<?xml version="1.0" encoding="UTF-8"?>
<jcr:root xmlns:sling="http://sling.apache.org/jcr/sling/1.0" xmlns:cq="http://www.day.com/jcr/cq/1.0" xmlns:jcr="http://www.jcp.org/jcr/1.0" xmlns:nt="http://www.jcp.org/jcr/nt/1.0"
    jcr:isCheckedOut="{Boolean}false"
    jcr:primaryType="cq:WorkflowModel"
    jcr:uuid="9fb9e7ee-d8ea-4e75-97a3-68e67ebc9523"
    sling:resourceType="cq/workflow/components/model"
    description="No Description"
    title="Screens Demo Asset Processing">
    <metaData
        cq:generatingPage="/conf/global/settings/workflow/models/screens-demo-asset-processing/jcr:content"
        cq:lastModified="{Long}1578528905864"
        cq:lastModifiedBy="admin"
        jcr:primaryType="nt:unstructured"/>
    <nodes jcr:primaryType="nt:unstructured">
        <node0
            jcr:primaryType="cq:WorkflowNode"
            title="Start"
            type="START">
            <metaData jcr:primaryType="nt:unstructured"/>
        </node0>
        <node1
            jcr:primaryType="cq:WorkflowNode"
            description="Determines if the current asset's folder is marked to be processed and added to a screens channel."
            title="Screens Asset Processing Check"
            type="PROCESS">
            <metaData
                jcr:primaryType="nt:unstructured"
                PROCESS="com.adobe.aem.guides.screens.demo.core.workflow.impl.AssetProcessingCheck"
                PROCESS_AUTO_ADVANCE="true"/>
        </node1>
        <node2
            jcr:primaryType="cq:WorkflowNode"
            title="OR_SPLIT"
            type="OR_SPLIT">
            <metaData jcr:primaryType="nt:unstructured"/>
        </node2>
        <node3
            jcr:primaryType="cq:WorkflowNode"
            title="OR_JOIN"
            type="OR_JOIN">
            <metaData jcr:primaryType="nt:unstructured"/>
        </node3>
        <node4
            jcr:primaryType="cq:WorkflowNode"
            description="A process to add a watermark to an asset. Provides various configuration arguments."
            title="Add Watermark"
            type="PROCESS">
            <metaData
                jcr:primaryType="nt:unstructured"
                color="#111111"
                opacity="100"
                position="CENTER"
                PROCESS="com.day.cq.dam.core.process.WaterMarkProcess"
                PROCESS_AUTO_ADVANCE="true"
                size="40"
                text="Powered by AEM Screens"/>
        </node4>
        <node5
            jcr:primaryType="cq:WorkflowNode"
            title="Add Asset to Screens Channel"
            type="PROCESS">
            <metaData
                jcr:primaryType="nt:unstructured"
                PROCESS="com.adobe.aem.guides.screens.demo.core.workflow.impl.AddAssetToChannel"
                PROCESS_AUTO_ADVANCE="true"/>
        </node5>
        <node6
            jcr:primaryType="cq:WorkflowNode"
            description="Screens channel not set. No operations performed."
            title="Screens Channel Not set"
            type="PROCESS">
            <metaData
                jcr:primaryType="nt:unstructured"
                PROCESS="/libs/workflow/scripts/noop.ecma"
                PROCESS_AUTO_ADVANCE="true"/>
        </node6>
        <node7
            jcr:primaryType="cq:WorkflowNode"
            title="End"
            type="END">
            <metaData jcr:primaryType="nt:unstructured"/>
        </node7>
    </nodes>
    <transitions jcr:primaryType="nt:unstructured">
        <node0_x0023_node1
            jcr:primaryType="cq:WorkflowTransition"
            from="node0"
            rule=""
            to="node1">
            <metaData jcr:primaryType="nt:unstructured"/>
        </node0_x0023_node1>
        <node1_x0023_node2
            jcr:primaryType="cq:WorkflowTransition"
            from="node1"
            to="node2">
            <metaData jcr:primaryType="nt:unstructured"/>
        </node1_x0023_node2>
        <node2_x0023_node4
            jcr:primaryType="cq:WorkflowTransition"
            from="node2"
            rule="/* Return true if screen-channel found */&#xd;&#xa;function check() {&#xd;&#xa;    var screensChannel  = workflowData.getMetaDataMap().get(&quot;screen-channel&quot;, &quot;&quot;);&#xd;&#xa;    if(screensChannel != &quot;&quot;) {&#xd;&#xa;        return true;&#xd;&#xa;    } else {&#xd;&#xa;        return false;&#xd;&#xa;    }&#xd;&#xa;}"
            to="node4">
            <metaData
                jcr:primaryType="nt:unstructured"
                isDefault="false"/>
        </node2_x0023_node4>
        <node4_x0023_node5
            jcr:primaryType="cq:WorkflowTransition"
            from="node4"
            rule=""
            to="node5">
            <metaData jcr:primaryType="nt:unstructured"/>
        </node4_x0023_node5>
        <node5_x0023_node3
            jcr:primaryType="cq:WorkflowTransition"
            from="node5"
            to="node3">
            <metaData jcr:primaryType="nt:unstructured"/>
        </node5_x0023_node3>
        <node2_x0023_node6
            jcr:primaryType="cq:WorkflowTransition"
            from="node2"
            rule="/* Return true if screen-channel found */&#xd;&#xa;function check() {&#xd;&#xa;    var screensChannel  = workflowData.getMetaDataMap().get(&quot;screen-channel&quot;, &quot;&quot;);&#xd;&#xa;    if(screensChannel != &quot;&quot;) {&#xd;&#xa;        return false;&#xd;&#xa;    } else {&#xd;&#xa;        return true;&#xd;&#xa;    }&#xd;&#xa;}"
            to="node6">
            <metaData
                jcr:primaryType="nt:unstructured"
                isDefault="false"/>
        </node2_x0023_node6>
        <node6_x0023_node3
            jcr:primaryType="cq:WorkflowTransition"
            from="node6"
            to="node3">
            <metaData jcr:primaryType="nt:unstructured"/>
        </node6_x0023_node3>
        <node3_x0023_node7
            jcr:primaryType="cq:WorkflowTransition"
            from="node3"
            to="node7">
            <metaData jcr:primaryType="nt:unstructured"/>
        </node3_x0023_node7>
    </transitions>
</jcr:root>
