<?xml version="1.0" encoding="UTF-8"?>
<jcr:root xmlns:sling="http://sling.apache.org/jcr/sling/1.0" xmlns:granite="http://www.adobe.com/jcr/granite/1.0" xmlns:cq="http://www.day.com/jcr/cq/1.0" xmlns:jcr="http://www.jcp.org/jcr/1.0" xmlns:nt="http://www.jcp.org/jcr/nt/1.0"
          jcr:primaryType="cq:Page">
    <jcr:content
            jcr:primaryType="nt:unstructured"
            jcr:title="AEM Scaffolding"
            sling:resourceType="granite/ui/components/coral/foundation/page">
        <head jcr:primaryType="nt:unstructured">
            <viewport
                    jcr:primaryType="nt:unstructured"
                    sling:resourceType="granite/ui/components/coral/foundation/admin/page/viewport"/>
            <meta
                    jcr:primaryType="nt:unstructured"
                    sling:resourceType="granite/ui/components/coral/foundation/meta"
                    content="chrome=1"
                    name="X-UA-Compatible"/>
            <favicon
                    jcr:primaryType="nt:unstructured"
                    sling:resourceType="granite/ui/components/coral/foundation/page/favicon"/>
            <clientlibs
                    jcr:primaryType="nt:unstructured"
                    sling:resourceType="granite/ui/components/coral/foundation/includeclientlibs"
                    categories="[coralui3,granite.ui.coral.foundation,cq.touch.scaffolding,cq.scaffolding.scaffoldhost]"/>
        </head>
        <body
                jcr:primaryType="nt:unstructured"
                sling:resourceType="granite/ui/components/coral/foundation/page/body">
            <items jcr:primaryType="nt:unstructured">
                <panel
                        jcr:primaryType="nt:unstructured"
                        sling:resourceType="granite/ui/components/coral/foundation/panel">
                    <header
                            granite:class="u-coral-padding1"
                            jcr:primaryType="nt:unstructured"
                            sling:resourceType="granite/ui/components/coral/foundation/container">
                        <items jcr:primaryType="nt:unstructured">
                            <infowell
                                    granite:class="u-coral-noMargin"
                                    jcr:primaryType="nt:unstructured"
                                    sling:resourceType="granite/ui/components/coral/foundation/well">
                                <items jcr:primaryType="nt:unstructured">
                                    <headingcontainer
                                            jcr:primaryType="nt:unstructured"
                                            sling:resourceType="granite/ui/components/coral/foundation/container">
                                        <items jcr:primaryType="nt:unstructured">
                                            <heading
                                                    granite:class="coral-Heading coral-Heading--1"
                                                    jcr:primaryType="nt:unstructured"
                                                    sling:resourceType="granite/ui/components/coral/foundation/text"
                                                    text="${empty scaffold.title ? &quot;Scaffold Form&quot; : scaffold.title}"/>
                                        </items>
                                    </headingcontainer>
                                    <descriptioncontainer
                                            jcr:primaryType="nt:unstructured"
                                            sling:resourceType="granite/ui/components/coral/foundation/container">
                                        <items jcr:primaryType="nt:unstructured">
                                            <description
                                                    granite:class="coral-Heading coral-Heading--3"
                                                    jcr:primaryType="nt:unstructured"
                                                    sling:resourceType="granite/ui/components/coral/foundation/text"
                                                    text="${scaffold.description}"/>
                                        </items>
                                    </descriptioncontainer>
                                </items>
                            </infowell>
                            <targetpathwell
                                    granite:class="u-coral-noMargin"
                                    jcr:primaryType="nt:unstructured"
                                    sling:resourceType="granite/ui/components/coral/foundation/well">
                                <items jcr:primaryType="nt:unstructured">
                                    <targetPath
                                            jcr:primaryType="nt:unstructured"
                                            sling:resourceType="granite/ui/components/coral/foundation/text"
                                            text="${empty scaffold.targetPath ? &quot;No target path available&quot; : granite:concat(&quot;Create pages below - &quot; , scaffold.targetPath)}"/>
                                </items>
                            </targetpathwell>
                            <notificationwell
                                    granite:class="u-coral-noMargin"
                                    jcr:primaryType="nt:unstructured"
                                    sling:resourceType="granite/ui/components/coral/foundation/well">
                                <granite:data
                                    jcr:primaryType="nt:unstructured"
                                    scaffold-notification-container="{Boolean}true"/>
                            </notificationwell>
                        </items>
                    </header>
                    <body
                            granite:class="u-coral-padding"
                            jcr:primaryType="nt:unstructured"
                            sling:resourceType="granite/ui/components/coral/foundation/container">
                        <items jcr:primaryType="nt:unstructured">
                            <form
                                    granite:class="cq-editable-scaffolding-form foundation-layout-form foundation-layout-form-mode-edit"
                                    jcr:primaryType="nt:unstructured"
                                    sling:resourceType="granite/ui/components/coral/foundation/form"
                                    action="${granite:concat(scaffold.targetPath, &quot;/*&quot;)}"
                                    foundationForm="{Boolean}true"
                                    method="post"
                                    style="vertical">
                                <granite:rendercondition
                                        jcr:primaryType="nt:unstructured"
                                        sling:resourceType="granite/ui/components/coral/foundation/renderconditions/simple"
                                        expression="${not empty scaffold.targetPath &amp;&amp; not empty scaffold.targetTemplate}"/>
                                <granite:data
                                        jcr:primaryType="nt:unstructured"
                                        foundation-form-response-ui-success="\{&quot;name&quot;:&quot;scaffolding.notify&quot;\}"/>
                                <items jcr:primaryType="nt:unstructured">
                                    <scaffold
                                            jcr:primaryType="nt:unstructured"
                                            sling:resourceType="cq/gui/components/authoring/scaffolding/includescaffold"
                                            path="${requestPathInfo.suffix}"/>
                                    <charset
                                            jcr:primaryType="nt:unstructured"
                                            sling:resourceType="granite/ui/components/foundation/form/hidden"
                                            name="_charset_"
                                            value="utf-8"/>
                                    <nameHint
                                            jcr:primaryType="nt:unstructured"
                                            sling:resourceType="granite/ui/components/foundation/form/hidden"
                                            name=":nameHint"/>
                                    <scaffoldPath
                                            jcr:primaryType="nt:unstructured"
                                            sling:resourceType="granite/ui/components/coral/foundation/form/hidden"
                                            name="./jcr:content/cq:scaffolding"
                                            value="${scaffold.path}"/>
                                    <primaryType
                                            jcr:primaryType="nt:unstructured"
                                            sling:resourceType="granite/ui/components/coral/foundation/form/hidden"
                                            name="./jcr:primaryType"
                                            value="cq:Page"/>
                                    <copyFrom
                                            jcr:primaryType="nt:unstructured"
                                            sling:resourceType="granite/ui/components/coral/foundation/form/hidden"
                                            name="./jcr:content@CopyFrom"
                                            value="${granite:concat(scaffold.targetTemplate,&quot;/initial/jcr:content&quot;)}"/>
                                    <contentPrimaryType
                                            jcr:primaryType="nt:unstructured"
                                            sling:resourceType="granite/ui/components/coral/foundation/form/hidden"
                                            name="./jcr:content/jcr:primaryType"
                                            value="cq:PageContent"/>
                                    <submit
                                            jcr:primaryType="nt:unstructured"
                                            sling:resourceType="granite/ui/components/coral/foundation/button"
                                            text="Create"
                                            type="submit"
                                            variant="primary"/>
                                </items>
                            </form>
                            <notargetpath
                                    granite:class="u-coral-noMargin"
                                    jcr:primaryType="nt:unstructured"
                                    sling:resourceType="granite/ui/components/coral/foundation/well">
                                <granite:rendercondition
                                        jcr:primaryType="nt:unstructured"
                                        sling:resourceType="granite/ui/components/coral/foundation/renderconditions/simple"
                                        expression="${empty scaffold.targetPath || empty scaffold.targetTemplate}"/>
                                <items jcr:primaryType="nt:unstructured">
                                    <targetPath
                                            jcr:primaryType="nt:unstructured"
                                            sling:resourceType="granite/ui/components/coral/foundation/text"
                                            text="Target path or target template missing. This scaffold can&apos;t be used for creating pages."/>
                                </items>
                            </notargetpath>
                        </items>
                    </body>
                </panel>
            </items>
        </body>
    </jcr:content>
</jcr:root>
