<?xml version="1.0" encoding="UTF-8"?>
<jcr:root xmlns:sling="http://sling.apache.org/jcr/sling/1.0" xmlns:granite="http://www.adobe.com/jcr/granite/1.0" xmlns:jcr="http://www.jcp.org/jcr/1.0" xmlns:nt="http://www.jcp.org/jcr/nt/1.0"
    granite:class="cq-common-include-children-dialog"
    jcr:primaryType="nt:unstructured"
    jcr:title="Include Children"
    sling:resourceType="cq/gui/components/common/admin/startbulkworkflows/includechildren">
    <items jcr:primaryType="nt:unstructured">
        <form
            granite:id="cq-common-include-children-form"
            jcr:primaryType="nt:unstructured"
            sling:resourceType="granite/ui/components/coral/foundation/form"
            style="vertical">
            <items jcr:primaryType="nt:unstructured">
                <pathHidden
                        jcr:primaryType="nt:unstructured"
                        sling:resourceType="granite/ui/components/coral/foundation/form/hidden"
                        granite:id="resourcePath"
                        value="${empty requestPathInfo.suffix ? param.item : requestPathInfo.suffix}"/>
                <charset
                        jcr:primaryType="nt:unstructured"
                        sling:resourceType="granite/ui/components/coral/foundation/form/hidden"
                        name="_charset_"
                        value="utf-8"/>
                <depth
                    jcr:primaryType="nt:unstructured"
                    jcr:title="Filter by Depth"
                    sling:resourceType="granite/ui/components/coral/foundation/form/fieldset">
                    <items jcr:primaryType="nt:unstructured">
                        <immediate
                            jcr:primaryType="nt:unstructured"
                            sling:resourceType="granite/ui/components/coral/foundation/form/checkbox"
                            checked="{Boolean}true"
                            name="onlydirect"
                            text="Include only immediate children"
                            value="true"/>
                    </items>
                </depth>
                <status
                    jcr:primaryType="nt:unstructured"
                    jcr:title="Filter by Status"
                    sling:resourceType="granite/ui/components/coral/foundation/form/fieldset">
                    <items jcr:primaryType="nt:unstructured">
                        <modified
                            jcr:primaryType="nt:unstructured"
                            sling:resourceType="granite/ui/components/coral/foundation/form/checkbox"
                            checked="{Boolean}true"
                            name="onlymodified"
                            text="Include only modified pages"
                            value="true"/>
                        <published
                            jcr:primaryType="nt:unstructured"
                            sling:resourceType="granite/ui/components/coral/foundation/form/checkbox"
                            checked="{Boolean}true"
                            name="reactivate"
                            text="Include only already published pages"
                            value="true"/>
                    </items>
                </status>
            </items>
        </form>
    </items>
    <footer jcr:primaryType="nt:unstructured">
        <cancel
            jcr:primaryType="nt:unstructured"
            sling:resourceType="granite/ui/components/coral/foundation/button"
            text="Cancel">
            <parentConfig
                jcr:primaryType="nt:unstructured"
                close="{Boolean}true"/>
        </cancel>
        <add
            granite:rel="cq-common-include-children-confirm"
            jcr:primaryType="nt:unstructured"
            sling:resourceType="granite/ui/components/coral/foundation/button"
            text="Add"
            variant="primary">
        </add>
    </footer>
</jcr:root>
