<?xml version="1.0" encoding="UTF-8"?>
<jcr:root xmlns:sling="http://sling.apache.org/jcr/sling/1.0" xmlns:granite="http://www.adobe.com/jcr/granite/1.0"
          xmlns:cq="http://www.day.com/jcr/cq/1.0" xmlns:jcr="http://www.jcp.org/jcr/1.0"
          xmlns:nt="http://www.jcp.org/jcr/nt/1.0"
          jcr:primaryType="nt:unstructured"
          jcr:title="AEM Sites | Create Workflow"
          sling:resourceType="granite/ui/components/coral/foundation/page"
          consoleId="cq-sites-workflows-create">
    <head jcr:primaryType="nt:unstructured">
        <viewport
                jcr:primaryType="nt:unstructured"
                sling:resourceType="granite/ui/components/coral/foundation/admin/page/viewport"/>
        <favicon
                jcr:primaryType="nt:unstructured"
                sling:resourceType="granite/ui/components/coral/foundation/page/favicon"/>
        <clientlibs
                jcr:primaryType="nt:unstructured"
                sling:resourceType="granite/ui/components/coral/foundation/includeclientlibs"
                categories="[coralui3,granite.ui.coral.foundation,cq.common.startbulkworkflows]"/>
    </head>
    <body
            jcr:primaryType="nt:unstructured"
            sling:resourceType="granite/ui/components/coral/foundation/page/body">
        <items jcr:primaryType="nt:unstructured">
            <form
                    granite:class="cq-sites-startbulkworkflows-form"
                    granite:comment="We set &quot;novalidate&quot; = true as the wizard is doing validation already, to avoid double validation"
                    jcr:primaryType="nt:unstructured"
                    sling:resourceType="granite/ui/components/coral/foundation/form"
                    action="/var/workflow/instances.package"
                    foundationForm="{Boolean}true"
                    maximized="{Boolean}true"
                    method="post"
                    novalidate="{Boolean}true"
                    style="vertical">
                <granite:data
                        jcr:primaryType="nt:unstructured"
                        errormessage="Cannot start workflow on selected resources."/>
                <successresponse
                        jcr:primaryType="nt:unstructured"
                        sling:resourceType="cq/gui/components/common/admin/startbulkworkflows/redirectpromptresponse"
                        jcr:title="Workflow created"
                        text="Workflow has been created for selected resources."
                        redirect="${empty header.Referer ? granite:concat(&quot;/sites.html&quot;, granite:encodeURIPath(requestPathInfo.suffix)) : header.Referer}"/>
                <items jcr:primaryType="nt:unstructured">
                    <wizard
                            granite:class="cq-sites-startbulkworkflows-wizard"
                            jcr:primaryType="nt:unstructured"
                            jcr:title="Create Workflow"
                            sling:resourceType="granite/ui/components/coral/foundation/wizard"
                            cancelHref="${empty header.Referer ? granite:concat(&quot;/sites.html&quot;, granite:encodeURIPath(requestPathInfo.suffix)) : header.Referer}">
                        <items jcr:primaryType="nt:unstructured">
                            <properties
                                    jcr:primaryType="nt:unstructured"
                                    jcr:title="Properties"
                                    sling:resourceType="granite/ui/components/coral/foundation/container">
                                <items jcr:primaryType="nt:unstructured">
                                    <fixedColumnContainer
                                            jcr:primaryType="nt:unstructured"
                                            sling:resourceType="granite/ui/components/coral/foundation/fixedcolumns"
                                            margin="{Boolean}true">
                                        <items jcr:primaryType="nt:unstructured">
                                            <fixedColumn
                                                    jcr:primaryType="nt:unstructured"
                                                    sling:resourceType="granite/ui/components/coral/foundation/container">
                                                <items jcr:primaryType="nt:unstructured">
                                                    <charset
                                                            jcr:primaryType="nt:unstructured"
                                                            sling:resourceType="granite/ui/components/foundation/form/hidden"
                                                            name="_charset_"
                                                            value="utf-8"/>
                                                    <model
                                                            jcr:primaryType="nt:unstructured"
                                                            sling:resourceType="granite/ui/components/coral/foundation/form/select"
                                                            emptyText="Select one"
                                                            ignoreData="{Boolean}true"
                                                            fieldLabel="Workflow model"
                                                            name="workflowModel"
                                                            required="{Boolean}true">
                                                        <datasource
                                                                jcr:primaryType="nt:unstructured"
                                                                sling:resourceType="cq/gui/components/coral/common/admin/timeline/events/workflow/datasources/models"/>
                                                    </model>
                                                    <workflowtitle
                                                            jcr:primaryType="nt:unstructured"
                                                            sling:resourceType="granite/ui/components/coral/foundation/form/textfield"
                                                            ignoreData="{Boolean}true"
                                                            fieldLabel="Workflow title"
                                                            name="workflowTitle"
                                                            required="{Boolean}true"/>
                                                    <keeppackage
                                                            granite:rel="cq-sites-startbulkworkflows-keeppackage"
                                                            jcr:primaryType="nt:unstructured"
                                                            sling:resourceType="granite/ui/components/coral/foundation/form/checkbox"
                                                            checked="{Boolean}false"
                                                            disabled="{Boolean}true"
                                                            fieldDescription="If checked, the workflow package will have a unique name."
                                                            text="Keep workflow package"
                                                            value="true"/>
                                                    <packagetitle
                                                            jcr:primaryType="nt:unstructured"
                                                            sling:resourceType="granite/ui/components/coral/foundation/form/textfield"
                                                            disabled="{Boolean}true"
                                                            fieldLabel="Package title"
                                                            ignoreData="{Boolean}true"
                                                            name="packageTitle"
                                                            required="{Boolean}true"/>
                                                    <packagesPath
                                                            jcr:primaryType="nt:unstructured"
                                                            sling:resourceType="granite/ui/components/foundation/form/hidden"
                                                            name="workflowPackagesPath"
                                                            value="/var/workflow/packages${empty tenant.id? &quot;&quot; : &quot;/&quot;}${tenant.id}"/>
                                                </items>
                                            </fixedColumn>
                                        </items>
                                    </fixedColumnContainer>
                                </items>
                                <parentConfig jcr:primaryType="nt:unstructured">
                                    <next
                                            granite:class="foundation-wizard-control"
                                            jcr:primaryType="nt:unstructured"
                                            sling:resourceType="granite/ui/components/coral/foundation/button"
                                            disabled="{Boolean}true"
                                            text="Next"
                                            variant="primary">
                                        <granite:data
                                                jcr:primaryType="nt:unstructured"
                                                foundation-wizard-control-action="next"/>
                                    </next>
                                </parentConfig>
                            </properties>
                            <scope
                                    jcr:primaryType="nt:unstructured"
                                    jcr:title="Scope"
                                    sling:resourceType="granite/ui/components/coral/foundation/container"
                                    maximized="{Boolean}true">
                                <granite:data
                                        jcr:primaryType="nt:unstructured"
                                        foundation-validation-ui="none"/>
                                <items jcr:primaryType="nt:unstructured">
                                    <default
                                            jcr:primaryType="nt:unstructured"
                                            sling:resourceType="granite/ui/components/coral/foundation/actionbar">
                                        <primary jcr:primaryType="nt:unstructured">
                                            <add
                                                    granite:class="foundation-collection-action foundation-picker-control"
                                                    jcr:primaryType="nt:unstructured"
                                                    sling:resourceType="granite/ui/components/coral/foundation/button"
                                                    icon="add"
                                                    text="Add Content"
                                                    title="Add Content"
                                                    variant="actionBar">
                                            <granite:data
                                                    jcr:primaryType="nt:unstructured"
                                                    foundation-picker-control-src="/mnt/overlay/granite/ui/content/coral/foundation/form/pathfield/picker.html?root=%2Fcontent&amp;filter=hierarchyNotFile&amp;selectionCount=multiple"
                                                    foundation-picker-control-action="\{&quot;name&quot;:&quot;cq.commons.addcontent&quot;,&quot;data&quot;:{}}"/>
                                            </add>
                                            <includechildren
                                                    granite:class="foundation-collection-action foundation-collection-action-includechildren"
                                                    jcr:primaryType="nt:unstructured"
                                                    sling:resourceType="granite/ui/components/coral/foundation/button"
                                                    icon="add"
                                                    text="Include Children"
                                                    variant="actionBar">
                                                <granite:data
                                                        jcr:primaryType="nt:unstructured"
                                                        foundation-collection-action="\{&quot;target&quot;:&quot;.cq-common-admin-sourcepages&quot;,&quot;activeSelectionCount&quot;:&quot;single&quot;,&quot;action&quot;:&quot;foundation.dialog&quot;,&quot;data&quot;:{&quot;src&quot;:&quot;/mnt/overlay/cq/gui/content/common/startbulkworkflows/includechildrendialog.html{+item}&quot;},&quot;relScope&quot;:&quot;collection&quot;}"/>
                                            </includechildren>
                                            <deleteobject
                                                    granite:class="foundation-collection-action foundation-collection-action-delete"
                                                    jcr:primaryType="nt:unstructured"
                                                    sling:resourceType="granite/ui/components/coral/foundation/button"
                                                    icon="delete"
                                                    text="Remove Selection"
                                                    variant="actionBar">
                                                <granite:data
                                                        jcr:primaryType="nt:unstructured"
                                                        foundation-collection-action="\{&quot;target&quot;:&quot;.cq-common-admin-sourcepages&quot;,&quot;activeSelectionCount&quot;:&quot;multiple&quot;,&quot;relScope&quot;:&quot;collection&quot;}"/>
                                            </deleteobject>
                                        </primary>
                                        <secondary jcr:primaryType="nt:unstructured">
                                            <collectionstatus
                                                    jcr:primaryType="nt:unstructured"
                                                    sling:resourceType="cq/gui/components/common/admin/startbulkworkflows/collectionstatus"
                                                    targetCollection=".cq-common-admin-sourcepages"/>
                                        </secondary>
                                    </default>
                                    <list
                                            granite:rel="cq-common-admin-sourcepages"
                                            jcr:primaryType="nt:unstructured"
                                            sling:resourceType="granite/ui/components/coral/foundation/table"
                                            layoutId="table"
                                            modeGroup="cq-common-admin-sourcepages"
                                            selectionCount="multiple"
                                            selectionMode="row">
                                        <columns jcr:primaryType="nt:unstructured">
                                            <select
                                                    granite:class="cq-common-admin-sourcepages-select"
                                                    jcr:primaryType="nt:unstructured"
                                                    select="{Boolean}true"/>
                                            <title
                                                    jcr:primaryType="nt:unstructured"
                                                    jcr:title="Title"
                                                    class="header-item-page-title"
                                                    sortable="{Boolean}true"/>
                                            <modified
                                                    jcr:primaryType="nt:unstructured"
                                                    jcr:title="Modified"
                                                    class="header-item-modified"
                                                    sortable="{Boolean}true"
                                                    sortType="date"/>
                                            <published
                                                    jcr:primaryType="nt:unstructured"
                                                    jcr:title="Published"
                                                    class="header-item-published"
                                                    sortable="{Boolean}true"
                                                    sortType="date"/>
                                        </columns>
                                    </list>
                                </items>
                                <parentConfig jcr:primaryType="nt:unstructured">
                                    <next
                                            granite:class="foundation-wizard-control"
                                            jcr:primaryType="nt:unstructured"
                                            sling:resourceType="granite/ui/components/coral/foundation/button"
                                            text="Create"
                                            type="submit"
                                            variant="primary">
                                        <granite:data
                                                jcr:primaryType="nt:unstructured"
                                                foundation-wizard-control-action="next"/>
                                    </next>
                                </parentConfig>
                            </scope>
                        </items>
                    </wizard>
                </items>
            </form>
        </items>
    </body>
</jcr:root>
