<?xml version="1.0" encoding="UTF-8"?>
<jcr:root xmlns:sling="http://sling.apache.org/jcr/sling/1.0" xmlns:granite="http://www.adobe.com/jcr/granite/1.0" xmlns:jcr="http://www.jcp.org/jcr/1.0" xmlns:nt="http://www.jcp.org/jcr/nt/1.0"
    granite:class="js-Policy-dialog-content"
    jcr:primaryType="nt:unstructured"
    sling:resourceType="granite/ui/components/coral/foundation/fixedcolumns">
    <items jcr:primaryType="nt:unstructured">
        <policyColumn
            granite:class="js-cq-Policy-policyWrapper cq-Policy-policyWrapper"
            jcr:primaryType="nt:unstructured"
            jcr:title="Policy"
            sling:resourceType="granite/ui/components/coral/foundation/form/fieldset">
            <items jcr:primaryType="nt:unstructured">
                <description
                    granite:class="coral-Form-fieldlabel cq-Policy-wrapper-description"
                    jcr:primaryType="nt:unstructured"
                    sling:resourceType="granite/ui/components/coral/foundation/text"
                    text="First choose a policy to apply. Policies can be shared across templates"/>
                <policy
                    jcr:primaryType="nt:unstructured"
                    sling:resourceType="granite/ui/components/coral/foundation/include"
                    path="/mnt/overlay/cq/gui/components/authoring/dialog/policy/content/items/container"/>
            </items>
        </policyColumn>
        <designColumn
            granite:class="js-cq-Policy-designWrapper cq-Policy-designWrapper"
            jcr:primaryType="nt:unstructured"
            jcr:title="Properties"
            sling:resourceType="granite/ui/components/coral/foundation/form/fieldset">
            <items jcr:primaryType="nt:unstructured">
                <description
                    granite:class="coral-Form-fieldlabel cq-Policy-wrapper-description"
                    jcr:primaryType="nt:unstructured"
                    sling:resourceType="granite/ui/components/coral/foundation/text"
                    text="Then adjust the settings of the selected policy to configure the component"/>
                <design
                    jcr:primaryType="nt:unstructured"
                    sling:resourceType="cq/gui/components/authoring/dialog/policywrapper/design"/>
            </items>
        </designColumn>
    </items>
</jcr:root>
