<?xml version="1.0" encoding="UTF-8"?>
<jcr:root xmlns:sling="http://sling.apache.org/jcr/sling/1.0" xmlns:granite="http://www.adobe.com/jcr/granite/1.0" xmlns:cq="http://www.day.com/jcr/cq/1.0" xmlns:jcr="http://www.jcp.org/jcr/1.0" xmlns:nt="http://www.jcp.org/jcr/nt/1.0"
    jcr:primaryType="cq:Page">
    <jcr:content
        jcr:description="Default scaffolding that is used as fallback if no other can be found for update.&lt;br>This scaffolding can't be used to create new resources and should not be modified."
        jcr:primaryType="cq:PageContent"
        jcr:title="Default Resource Scaffolding"
        sling:resourceType="wcm/scaffolding/components/editable/scaffolding">
        <cq:dialog
            jcr:primaryType="nt:unstructured"
            jcr:title="Default Scaffolding"
            sling:resourceType="cq/gui/components/authoring/dialog">
            <content
                jcr:primaryType="nt:unstructured"
                sling:resourceType="granite/ui/components/coral/foundation/container">
                <items jcr:primaryType="nt:unstructured">
                    <tabs
                        granite:class="u-coral-padding"
                        jcr:primaryType="nt:unstructured"
                        sling:resourceType="granite/ui/components/coral/foundation/tabs">
                        <items jcr:primaryType="nt:unstructured">
                            <basic
                                jcr:primaryType="nt:unstructured"
                                jcr:title="Basic"
                                sling:resourceType="granite/ui/components/coral/foundation/container">
                                <items jcr:primaryType="nt:unstructured">
                                    <title
                                        jcr:primaryType="nt:unstructured"
                                        sling:resourceType="granite/ui/components/coral/foundation/form/textfield"
                                        fieldLabel="Title"
                                        name="./jcr:title"
                                        required="{Boolean}true"/>
                                    <description
                                        jcr:primaryType="nt:unstructured"
                                        sling:resourceType="granite/ui/components/coral/foundation/form/textarea"
                                        fieldLabel="Description"
                                        name="./jcr:description"/>
                                </items>
                            </basic>
                        </items>
                    </tabs>
                </items>
            </content>
        </cq:dialog>
        <dialog/>
    </jcr:content>
</jcr:root>
